N,CPU(ms),Naive(ms),Efficient(ms),Thrust(ms)
32768,0.0432,0.170368,0.864512,
65536,0.0867,0.097568,1.24806,
131072,0.1729,0.117632,2.12595,
262144,0.3497,0.10864,0.804992,
524288,0.6936,0.285024,1.31411,
1048576,1.3753,0.182176,1.35014,
2097152,2.7375,0.25696,3.45949,
4194304,5.4572,0.429536,4.9135,
8388608,10.9797,0.776704,7.5009,
16777216,21.9983,3.64982,7.5009,
33554432,46.2656,3.64982,7.5009,
